article,print_bing,print_nrc,print_afinn,print_final,main_bing,main_nrc,main_afinn,main_final
1,NA,negative,NA,negative,NA,negative,NA,negative
2,negative,negative,negative,negative,positive,neutral,positive,negative
3,NA,negative,NA,negative,NA,negative,negative,negative
4,negative,negative,negative,negative,negative,negative,negative,negative
5,NA,NA,NA,negative,NA,negative,NA,negative
6,positive,positive,positive,negative,positive,positive,positive,negative
7,negative,negative,negative,negative,negative,negative,negative,negative
8,negative,negative,negative,negative,NA,positive,NA,negative
9,NA,positive,NA,negative,positive,positive,NA,negative
10,negative,negative,negative,negative,NA,negative,negative,negative
11,negative,negative,negative,negative,negative,negative,negative,negative
12,NA,negative,neutral,negative,NA,positive,negative,negative
13,negative,negative,negative,negative,negative,negative,negative,negative
14,negative,negative,negative,negative,negative,negative,negative,negative
15,NA,positive,NA,negative,NA,negative,negative,negative
16,neutral,positive,negative,negative,NA,negative,NA,negative
17,NA,NA,NA,negative,NA,NA,negative,negative
18,NA,neutral,NA,negative,NA,positive,NA,negative
19,negative,negative,NA,negative,neutral,positive,positive,negative
20,positive,positive,neutral,negative,negative,negative,negative,negative
21,NA,negative,negative,negative,NA,negative,negative,negative
22,NA,negative,negative,negative,positive,positive,negative,negative
23,negative,negative,negative,negative,negative,negative,NA,negative
24,negative,negative,negative,negative,negative,negative,negative,negative
25,positive,positive,positive,negative,positive,positive,NA,negative
26,negative,negative,negative,negative,neutral,neutral,negative,negative
27,negative,negative,negative,negative,NA,negative,negative,negative
28,negative,negative,negative,negative,NA,positive,NA,negative
29,negative,positive,negative,negative,NA,positive,NA,negative
30,NA,negative,negative,negative,negative,negative,negative,negative
31,NA,negative,negative,negative,negative,negative,negative,negative
32,negative,negative,negative,negative,negative,negative,negative,negative
33,negative,negative,negative,negative,negative,negative,negative,negative
34,negative,negative,negative,negative,negative,negative,negative,negative
35,negative,NA,negative,negative,negative,negative,negative,negative
36,NA,neutral,NA,negative,NA,positive,NA,negative
37,NA,negative,negative,negative,negative,negative,negative,negative
38,negative,negative,negative,negative,negative,negative,negative,negative
39,negative,negative,negative,negative,negative,negative,negative,negative
40,NA,NA,NA,negative,NA,positive,NA,negative
41,negative,NA,negative,negative,NA,positive,NA,negative
42,NA,NA,NA,negative,negative,negative,negative,negative
43,NA,positive,positive,negative,NA,positive,positive,negative
44,negative,negative,negative,negative,negative,negative,negative,negative
45,NA,positive,positive,negative,NA,positive,positive,negative
46,negative,negative,negative,negative,positive,positive,positive,negative
47,positive,positive,positive,negative,NA,positive,NA,negative
48,NA,NA,NA,negative,NA,NA,NA,negative
49,negative,negative,negative,negative,negative,negative,negative,negative
50,positive,positive,NA,negative,positive,neutral,NA,negative
51,negative,negative,NA,negative,negative,negative,NA,negative
52,NA,NA,positive,negative,negative,negative,negative,negative
53,negative,neutral,negative,negative,negative,negative,negative,negative
54,negative,negative,negative,negative,negative,neutral,negative,negative
55,negative,negative,negative,negative,negative,negative,NA,negative
56,negative,NA,NA,negative,negative,NA,NA,negative
57,NA,NA,NA,negative,negative,negative,negative,negative
58,negative,negative,negative,negative,negative,negative,negative,negative
59,negative,positive,NA,negative,negative,positive,NA,negative
60,NA,negative,NA,negative,positive,neutral,positive,negative
61,negative,negative,NA,negative,negative,NA,negative,negative
62,neutral,positive,positive,negative,negative,neutral,NA,negative
63,negative,positive,negative,negative,negative,negative,negative,negative
64,NA,NA,negative,negative,NA,positive,NA,negative
65,positive,NA,positive,negative,NA,positive,positive,negative
66,NA,NA,NA,negative,NA,negative,NA,negative
67,negative,negative,negative,negative,NA,neutral,NA,negative
68,positive,negative,positive,negative,negative,negative,negative,negative
69,negative,neutral,NA,negative,negative,negative,NA,negative
70,negative,neutral,negative,negative,NA,NA,negative,negative
71,negative,negative,neutral,negative,negative,negative,negative,negative
72,neutral,positive,positive,negative,NA,positive,negative,negative
73,negative,positive,negative,negative,negative,negative,negative,negative
74,positive,negative,positive,negative,negative,negative,negative,negative
75,negative,negative,negative,negative,NA,negative,NA,negative
76,NA,negative,negative,negative,neutral,negative,negative,negative
77,NA,negative,NA,negative,NA,positive,NA,negative
78,negative,negative,negative,negative,positive,positive,NA,negative
79,positive,positive,positive,negative,neutral,positive,negative,negative
80,negative,positive,positive,negative,negative,positive,positive,negative
81,NA,NA,negative,negative,NA,NA,negative,negative
82,NA,positive,NA,negative,positive,positive,NA,negative
83,NA,NA,NA,negative,NA,negative,negative,negative
84,negative,negative,NA,negative,NA,NA,NA,negative
85,NA,NA,NA,negative,NA,neutral,NA,negative
86,NA,NA,NA,negative,NA,NA,NA,negative
87,negative,positive,negative,negative,negative,negative,negative,negative
88,negative,negative,negative,negative,negative,negative,negative,negative
89,positive,positive,positive,negative,positive,positive,positive,negative
90,negative,positive,negative,negative,negative,negative,negative,negative
91,NA,NA,NA,negative,NA,NA,NA,negative
92,positive,positive,positive,negative,positive,positive,positive,negative
93,NA,positive,NA,negative,negative,negative,negative,negative
94,positive,positive,negative,negative,NA,positive,NA,negative
95,negative,negative,negative,negative,negative,negative,negative,negative
96,negative,negative,negative,negative,negative,negative,negative,negative
97,NA,negative,NA,negative,NA,negative,NA,negative
98,negative,negative,negative,negative,negative,negative,negative,negative
99,positive,positive,positive,negative,positive,positive,positive,negative
100,NA,negative,negative,negative,NA,negative,negative,negative
101,neutral,positive,neutral,negative,positive,positive,neutral,negative
102,positive,positive,positive,negative,positive,positive,positive,negative
103,negative,negative,negative,negative,neutral,negative,neutral,negative
104,NA,positive,positive,negative,NA,positive,positive,negative
105,negative,negative,negative,negative,negative,negative,negative,negative
106,negative,neutral,NA,negative,negative,neutral,negative,negative
107,NA,neutral,positive,negative,negative,negative,negative,negative
108,negative,neutral,negative,negative,negative,negative,negative,negative
109,NA,NA,NA,negative,negative,negative,negative,negative
110,NA,negative,negative,negative,negative,positive,negative,negative
111,NA,positive,negative,negative,NA,neutral,negative,negative
112,negative,negative,negative,negative,negative,negative,negative,negative
113,negative,negative,negative,negative,neutral,negative,negative,negative
114,negative,negative,negative,negative,negative,negative,NA,negative
115,NA,positive,NA,negative,NA,positive,NA,negative
116,negative,negative,negative,negative,negative,neutral,negative,negative
117,negative,negative,NA,negative,negative,negative,NA,negative
118,NA,positive,NA,negative,negative,negative,negative,negative
119,negative,negative,negative,negative,negative,negative,negative,negative
120,negative,NA,negative,negative,negative,NA,negative,negative
121,neutral,neutral,positive,negative,positive,positive,neutral,negative
122,NA,negative,NA,negative,NA,positive,NA,negative
123,NA,positive,negative,negative,NA,NA,negative,negative
124,NA,NA,NA,negative,NA,negative,negative,negative
125,negative,neutral,negative,negative,negative,neutral,negative,negative
126,negative,negative,negative,negative,negative,negative,negative,negative
127,negative,negative,negative,negative,negative,NA,NA,negative
128,negative,negative,negative,negative,negative,negative,negative,negative
129,negative,negative,NA,negative,NA,neutral,NA,negative
130,negative,negative,positive,negative,negative,negative,positive,negative
131,positive,neutral,positive,negative,neutral,positive,positive,negative
132,NA,positive,negative,negative,NA,negative,negative,negative
133,negative,negative,NA,negative,NA,negative,NA,negative
134,positive,positive,positive,negative,positive,positive,positive,negative
135,negative,negative,negative,negative,negative,negative,negative,negative
136,positive,positive,positive,negative,positive,positive,NA,negative
137,NA,positive,positive,negative,NA,positive,positive,negative
138,positive,positive,positive,negative,positive,negative,NA,negative
139,positive,positive,NA,negative,positive,positive,negative,negative
140,NA,NA,negative,negative,NA,NA,negative,negative
141,negative,negative,negative,negative,negative,negative,negative,negative
142,negative,negative,negative,negative,NA,negative,negative,negative
143,negative,negative,negative,negative,negative,negative,negative,negative
144,positive,positive,positive,negative,positive,positive,NA,negative
145,NA,positive,positive,negative,positive,negative,negative,negative
146,NA,positive,positive,negative,positive,negative,negative,negative
147,negative,negative,NA,negative,negative,positive,negative,negative
148,neutral,negative,negative,negative,negative,negative,negative,negative
149,NA,negative,negative,negative,neutral,negative,neutral,negative
150,NA,positive,NA,negative,negative,positive,NA,negative
151,negative,neutral,negative,negative,neutral,positive,NA,negative
152,negative,positive,negative,negative,negative,negative,negative,negative
153,NA,positive,NA,negative,NA,positive,NA,negative
154,negative,negative,negative,negative,positive,negative,negative,negative
155,negative,negative,negative,negative,negative,negative,negative,negative
156,NA,negative,negative,negative,negative,neutral,NA,negative
157,positive,NA,NA,negative,positive,NA,NA,negative
158,NA,positive,NA,negative,negative,NA,NA,negative
159,NA,NA,NA,negative,NA,NA,NA,negative
160,positive,negative,positive,negative,negative,positive,negative,negative
161,NA,positive,negative,negative,negative,negative,negative,negative
162,NA,neutral,NA,negative,NA,NA,positive,negative
163,negative,negative,negative,negative,negative,NA,negative,negative
164,negative,NA,negative,negative,negative,negative,negative,negative
165,negative,positive,NA,negative,positive,positive,NA,negative
166,NA,NA,negative,negative,negative,negative,negative,negative
167,negative,negative,NA,negative,negative,negative,NA,negative
168,negative,positive,negative,negative,NA,negative,positive,negative
169,negative,negative,negative,negative,NA,positive,NA,negative
170,negative,positive,negative,negative,NA,positive,negative,negative
171,NA,negative,NA,negative,NA,positive,NA,negative
172,neutral,negative,negative,negative,NA,positive,NA,negative
173,negative,negative,negative,negative,negative,negative,negative,negative
174,negative,positive,negative,negative,negative,negative,negative,negative
175,negative,negative,negative,negative,negative,negative,negative,negative
176,negative,positive,NA,negative,negative,negative,NA,negative
177,negative,negative,NA,negative,negative,negative,NA,negative
178,negative,negative,negative,negative,negative,NA,NA,negative
179,neutral,positive,positive,negative,neutral,positive,positive,negative
180,negative,negative,negative,negative,negative,negative,negative,negative
181,NA,positive,NA,negative,NA,positive,positive,negative
182,negative,negative,negative,negative,negative,negative,negative,negative
183,negative,negative,negative,negative,NA,NA,NA,negative
184,negative,negative,negative,negative,NA,NA,NA,negative
185,negative,negative,negative,negative,negative,negative,NA,negative
186,negative,negative,negative,negative,negative,negative,negative,negative
187,NA,negative,NA,negative,NA,neutral,negative,negative
188,negative,negative,negative,negative,negative,negative,negative,negative
189,negative,negative,NA,negative,negative,negative,negative,negative
190,neutral,negative,negative,negative,neutral,negative,negative,negative
191,negative,negative,negative,negative,NA,negative,negative,negative
192,negative,negative,negative,negative,negative,neutral,negative,negative
193,NA,positive,negative,negative,NA,positive,negative,negative
194,positive,positive,positive,negative,positive,positive,positive,negative
195,NA,NA,NA,negative,NA,negative,NA,negative
196,negative,NA,negative,negative,negative,NA,negative,negative
197,NA,positive,negative,negative,NA,positive,negative,negative
198,NA,positive,NA,negative,negative,negative,NA,negative
199,NA,positive,NA,negative,NA,positive,NA,negative
200,negative,negative,negative,negative,negative,neutral,negative,negative
201,NA,NA,NA,negative,negative,negative,negative,negative
202,neutral,positive,positive,negative,negative,negative,negative,negative
203,negative,negative,negative,negative,NA,negative,NA,negative
204,negative,negative,negative,negative,negative,negative,negative,negative
205,negative,NA,negative,negative,negative,negative,negative,negative
206,NA,negative,NA,negative,NA,neutral,NA,negative
207,negative,negative,negative,negative,negative,negative,negative,negative
208,NA,negative,negative,negative,positive,positive,positive,negative
209,NA,positive,NA,negative,negative,negative,negative,negative
210,NA,positive,NA,negative,NA,positive,NA,negative
211,NA,positive,positive,negative,NA,NA,NA,negative
212,negative,NA,negative,negative,negative,negative,negative,negative
213,negative,negative,negative,negative,negative,NA,negative,negative
214,negative,negative,negative,negative,negative,negative,negative,negative
215,negative,negative,NA,negative,negative,positive,positive,negative
216,negative,negative,negative,negative,negative,positive,NA,negative
217,negative,negative,negative,negative,negative,negative,negative,negative
218,NA,NA,NA,negative,negative,negative,negative,negative
219,negative,neutral,negative,negative,negative,neutral,negative,negative
220,negative,negative,negative,negative,negative,positive,negative,negative
221,negative,negative,negative,negative,negative,negative,negative,negative
222,NA,neutral,NA,negative,NA,negative,NA,negative
223,negative,negative,negative,negative,negative,negative,negative,negative
224,NA,positive,negative,negative,NA,neutral,negative,negative
225,positive,neutral,neutral,negative,positive,positive,positive,negative
226,negative,negative,negative,negative,negative,negative,negative,negative
227,NA,negative,negative,negative,NA,neutral,negative,negative
228,NA,negative,negative,negative,NA,negative,negative,negative
229,negative,negative,negative,negative,negative,negative,negative,negative
230,negative,positive,NA,negative,negative,positive,negative,negative
231,NA,NA,positive,negative,positive,NA,positive,negative
232,negative,negative,negative,negative,NA,NA,NA,negative
233,NA,NA,NA,negative,neutral,negative,negative,negative
234,NA,negative,NA,negative,NA,negative,NA,negative
235,NA,positive,positive,negative,neutral,negative,neutral,negative
236,neutral,positive,negative,negative,positive,positive,NA,negative
237,NA,positive,positive,negative,NA,positive,positive,negative
238,positive,positive,positive,negative,NA,NA,negative,negative
239,negative,NA,NA,negative,NA,NA,NA,negative
240,NA,positive,NA,negative,negative,neutral,negative,negative
241,positive,positive,neutral,negative,positive,positive,positive,negative
242,negative,positive,negative,negative,negative,positive,negative,negative
243,positive,positive,NA,negative,positive,positive,negative,negative
244,NA,negative,negative,negative,NA,negative,negative,negative
245,neutral,positive,neutral,negative,NA,positive,NA,negative
246,negative,positive,negative,negative,negative,neutral,NA,negative
247,negative,negative,negative,negative,negative,negative,negative,negative
248,neutral,positive,negative,negative,negative,NA,NA,negative
249,NA,positive,NA,negative,NA,positive,positive,negative
250,NA,positive,NA,negative,NA,NA,NA,negative
251,negative,negative,negative,negative,NA,negative,negative,negative
252,NA,negative,NA,negative,NA,positive,positive,negative
253,NA,positive,NA,negative,positive,positive,NA,negative
254,positive,positive,NA,negative,NA,neutral,NA,negative
255,NA,positive,NA,negative,NA,negative,negative,negative
256,negative,NA,NA,negative,negative,NA,NA,negative
257,NA,NA,NA,negative,positive,positive,NA,negative
258,positive,positive,negative,negative,negative,positive,NA,negative
259,negative,negative,negative,negative,negative,NA,negative,negative
260,NA,positive,negative,negative,NA,negative,NA,negative
261,NA,NA,NA,negative,NA,positive,NA,negative
262,neutral,positive,NA,negative,neutral,positive,NA,negative
263,positive,negative,NA,negative,positive,negative,NA,negative
264,NA,negative,positive,negative,NA,positive,NA,negative
265,negative,negative,negative,negative,negative,negative,negative,negative
266,NA,negative,NA,negative,NA,NA,NA,negative
267,negative,negative,negative,negative,negative,negative,negative,negative
268,NA,NA,NA,negative,negative,negative,positive,negative
269,negative,negative,NA,negative,negative,negative,negative,negative
270,NA,NA,NA,negative,NA,NA,NA,negative
271,negative,positive,NA,negative,NA,NA,NA,negative
272,neutral,positive,neutral,negative,NA,negative,negative,negative
273,negative,positive,negative,negative,NA,NA,NA,negative
274,NA,negative,negative,negative,NA,negative,negative,negative
275,negative,negative,negative,negative,negative,negative,negative,negative
276,positive,positive,positive,negative,positive,positive,NA,negative
277,NA,NA,NA,negative,NA,negative,NA,negative
278,NA,positive,NA,negative,NA,positive,NA,negative
279,NA,NA,NA,negative,negative,negative,negative,negative
280,NA,positive,NA,negative,positive,positive,NA,negative
281,NA,negative,negative,negative,NA,negative,negative,negative
282,NA,positive,NA,negative,negative,negative,negative,negative
283,NA,NA,NA,negative,positive,positive,NA,negative
284,NA,negative,NA,negative,negative,neutral,negative,negative
285,NA,positive,NA,negative,negative,negative,negative,negative
286,NA,positive,NA,negative,positive,positive,NA,negative
287,negative,positive,NA,negative,NA,positive,NA,negative
288,NA,positive,positive,negative,NA,positive,neutral,negative
289,negative,positive,negative,negative,NA,positive,NA,negative
290,negative,negative,negative,negative,negative,negative,negative,negative
291,negative,negative,negative,negative,negative,negative,negative,negative
292,NA,positive,NA,negative,NA,positive,NA,negative
293,positive,positive,NA,negative,NA,NA,NA,negative
294,positive,negative,neutral,negative,negative,negative,negative,negative
295,neutral,neutral,NA,negative,negative,negative,negative,negative
296,positive,positive,NA,negative,negative,negative,negative,negative
297,NA,negative,NA,negative,NA,negative,NA,negative
298,NA,positive,NA,negative,NA,positive,NA,negative
299,neutral,NA,NA,negative,negative,positive,negative,negative
300,negative,positive,negative,negative,negative,positive,negative,negative
301,negative,negative,negative,negative,negative,negative,negative,negative
302,negative,negative,NA,negative,negative,negative,NA,negative
303,NA,positive,positive,negative,positive,NA,negative,negative
304,negative,negative,NA,negative,negative,negative,negative,negative
305,negative,positive,positive,negative,positive,positive,NA,negative
306,negative,negative,NA,negative,negative,NA,NA,negative
307,NA,NA,NA,negative,NA,NA,NA,negative
308,positive,positive,positive,negative,positive,positive,positive,negative
309,negative,negative,NA,negative,negative,negative,NA,negative
310,NA,positive,NA,negative,NA,positive,NA,negative
311,positive,negative,negative,negative,NA,positive,NA,negative
312,negative,negative,negative,negative,negative,positive,negative,negative
313,negative,NA,NA,negative,negative,NA,NA,negative
314,negative,negative,negative,negative,negative,negative,negative,negative
315,NA,positive,NA,negative,NA,positive,NA,negative
316,negative,NA,negative,negative,positive,positive,NA,negative
317,positive,positive,positive,negative,positive,positive,positive,negative
318,negative,positive,negative,negative,NA,positive,NA,negative
319,NA,positive,NA,negative,negative,negative,negative,negative
320,negative,negative,negative,negative,NA,NA,negative,negative
321,negative,negative,negative,negative,NA,NA,negative,negative
322,NA,NA,negative,negative,NA,positive,negative,negative
323,neutral,positive,positive,negative,neutral,positive,positive,negative
324,negative,negative,positive,negative,negative,negative,negative,negative
325,negative,negative,negative,negative,negative,negative,negative,negative
326,negative,negative,negative,negative,negative,negative,negative,negative
327,NA,negative,negative,negative,negative,negative,negative,negative
328,negative,negative,negative,negative,negative,negative,negative,negative
329,NA,positive,NA,negative,NA,NA,NA,negative
330,negative,negative,NA,negative,negative,negative,negative,negative
331,NA,positive,NA,negative,NA,NA,NA,negative
332,positive,positive,positive,negative,positive,positive,positive,negative
333,positive,positive,neutral,negative,neutral,negative,negative,negative
334,negative,negative,negative,negative,negative,negative,NA,negative
335,negative,positive,NA,negative,NA,positive,NA,negative
336,negative,negative,negative,negative,negative,negative,negative,negative
337,neutral,positive,neutral,negative,negative,negative,negative,negative
338,NA,NA,positive,negative,negative,negative,neutral,negative
339,NA,positive,positive,negative,NA,positive,positive,negative
340,neutral,positive,positive,negative,NA,negative,negative,negative
341,NA,positive,NA,negative,positive,positive,NA,negative
342,NA,positive,NA,negative,NA,neutral,NA,negative
343,negative,negative,negative,negative,NA,negative,NA,negative
344,negative,negative,negative,negative,NA,NA,NA,negative
345,NA,NA,NA,negative,NA,NA,NA,negative
346,negative,negative,negative,negative,NA,negative,negative,negative
347,negative,negative,negative,negative,negative,negative,negative,negative
348,negative,negative,negative,negative,negative,negative,negative,negative
349,positive,positive,positive,negative,negative,NA,negative,negative
350,NA,negative,negative,negative,NA,negative,negative,negative
351,negative,negative,negative,negative,negative,negative,NA,negative
352,negative,negative,positive,negative,negative,negative,negative,negative
353,NA,negative,negative,negative,NA,negative,negative,negative
354,negative,negative,negative,negative,negative,negative,negative,negative
355,NA,negative,negative,negative,NA,negative,negative,negative
356,positive,positive,positive,negative,NA,positive,NA,negative
357,negative,positive,NA,negative,negative,negative,NA,negative
358,negative,negative,negative,negative,NA,negative,positive,negative
359,negative,NA,negative,negative,negative,negative,negative,negative
360,positive,negative,positive,negative,negative,negative,negative,negative
361,NA,negative,negative,negative,NA,negative,negative,negative
362,positive,positive,positive,negative,negative,NA,negative,negative
363,negative,negative,negative,negative,negative,negative,negative,negative
364,negative,negative,negative,negative,NA,negative,NA,negative
365,negative,negative,NA,negative,positive,negative,negative,negative
366,negative,negative,negative,negative,negative,negative,NA,negative
367,negative,negative,negative,negative,NA,negative,negative,negative
368,negative,positive,negative,negative,negative,positive,negative,negative
369,negative,neutral,NA,negative,negative,negative,negative,negative
370,negative,negative,NA,negative,NA,negative,negative,negative
371,negative,positive,negative,negative,negative,positive,negative,negative
372,negative,negative,negative,negative,NA,neutral,NA,negative
373,negative,negative,negative,negative,positive,NA,positive,negative
374,NA,negative,negative,negative,negative,negative,negative,negative
375,negative,negative,negative,negative,negative,negative,negative,negative
376,negative,negative,negative,negative,negative,negative,negative,negative
377,NA,positive,NA,negative,NA,positive,NA,negative
378,NA,positive,negative,negative,NA,positive,NA,negative
379,positive,positive,positive,negative,positive,positive,positive,negative
380,positive,positive,negative,negative,negative,positive,negative,negative
381,NA,NA,positive,negative,NA,positive,positive,negative
382,NA,NA,positive,negative,NA,positive,positive,negative
383,negative,negative,negative,negative,NA,positive,NA,negative
384,neutral,positive,negative,negative,neutral,positive,negative,negative
385,positive,positive,positive,negative,positive,NA,NA,negative
386,NA,negative,NA,negative,NA,negative,NA,negative
387,NA,negative,negative,negative,positive,NA,NA,negative
388,negative,negative,negative,negative,NA,positive,NA,negative
389,negative,negative,negative,negative,negative,negative,negative,negative
390,negative,positive,NA,negative,NA,neutral,NA,negative
391,negative,negative,negative,negative,negative,negative,negative,negative
392,NA,negative,negative,negative,neutral,positive,negative,negative
393,negative,negative,negative,negative,NA,NA,NA,negative
394,negative,positive,NA,negative,NA,positive,NA,negative
395,NA,neutral,NA,negative,NA,neutral,NA,negative
396,negative,negative,NA,negative,negative,negative,negative,negative
397,negative,negative,negative,negative,negative,negative,negative,negative
398,negative,negative,negative,negative,negative,positive,negative,negative
399,neutral,neutral,negative,negative,neutral,positive,neutral,negative
400,positive,positive,positive,negative,positive,positive,positive,negative
401,NA,negative,negative,negative,negative,negative,negative,negative
402,NA,negative,negative,negative,NA,negative,negative,negative
403,positive,positive,positive,negative,neutral,NA,positive,negative
404,negative,positive,negative,negative,negative,negative,negative,negative
405,negative,negative,negative,negative,negative,negative,negative,negative
406,negative,positive,negative,negative,NA,positive,NA,negative
407,negative,negative,negative,negative,negative,negative,negative,negative
408,negative,negative,neutral,negative,negative,NA,NA,negative
409,NA,negative,negative,negative,NA,negative,negative,negative
410,negative,negative,NA,negative,negative,negative,NA,negative
411,NA,positive,negative,negative,NA,negative,NA,negative
412,NA,negative,negative,negative,positive,negative,negative,negative
413,negative,positive,negative,negative,negative,positive,negative,negative
414,NA,neutral,NA,negative,NA,NA,negative,negative
415,negative,positive,NA,negative,negative,negative,negative,negative
416,negative,negative,negative,negative,negative,negative,negative,negative
417,positive,positive,NA,negative,NA,positive,NA,negative
418,NA,negative,negative,negative,negative,negative,negative,negative
419,negative,negative,negative,negative,negative,negative,negative,negative
420,neutral,positive,positive,negative,NA,negative,negative,negative
421,negative,negative,negative,negative,negative,negative,negative,negative
422,NA,positive,NA,negative,negative,NA,NA,negative
423,NA,NA,negative,negative,positive,NA,NA,negative
424,neutral,positive,negative,negative,neutral,positive,negative,negative
425,neutral,negative,NA,negative,positive,NA,positive,negative
426,negative,negative,negative,negative,positive,positive,NA,negative
427,NA,NA,NA,negative,positive,NA,positive,negative
428,negative,negative,negative,negative,negative,neutral,negative,negative
429,negative,negative,negative,negative,negative,negative,negative,negative
430,neutral,neutral,negative,negative,negative,positive,negative,negative
431,negative,positive,negative,negative,neutral,positive,neutral,negative
432,negative,negative,NA,negative,positive,positive,positive,negative
433,neutral,neutral,NA,negative,negative,neutral,NA,negative
434,neutral,positive,negative,negative,negative,negative,negative,negative
435,negative,negative,negative,negative,neutral,positive,positive,negative
436,NA,positive,negative,negative,negative,negative,negative,negative
437,NA,negative,negative,negative,neutral,NA,negative,negative
438,positive,NA,positive,negative,NA,NA,NA,negative
439,negative,positive,NA,negative,negative,positive,NA,negative
440,NA,negative,NA,negative,negative,negative,NA,negative
441,neutral,negative,neutral,negative,negative,positive,positive,negative
442,neutral,negative,negative,negative,neutral,positive,NA,negative
443,NA,positive,negative,negative,NA,negative,negative,negative
444,positive,positive,NA,negative,NA,negative,NA,negative
445,NA,NA,NA,negative,NA,NA,NA,negative
446,negative,negative,negative,negative,negative,negative,negative,negative
447,negative,negative,negative,negative,negative,negative,negative,negative
448,negative,negative,negative,negative,negative,negative,negative,negative
449,negative,negative,negative,negative,negative,negative,negative,negative
450,negative,neutral,NA,negative,NA,negative,NA,negative
451,positive,positive,NA,negative,positive,positive,NA,negative
452,negative,negative,NA,negative,NA,positive,NA,negative
453,positive,neutral,positive,negative,positive,positive,positive,negative
454,neutral,positive,positive,negative,neutral,positive,negative,negative
455,negative,negative,negative,negative,negative,negative,negative,negative
456,negative,negative,NA,negative,NA,NA,NA,negative
457,negative,negative,negative,negative,NA,neutral,negative,negative
458,positive,NA,positive,negative,NA,positive,NA,negative
459,NA,positive,NA,negative,positive,positive,positive,negative
460,NA,positive,NA,negative,NA,neutral,positive,negative
461,NA,NA,NA,negative,NA,positive,NA,negative
462,NA,negative,NA,negative,negative,negative,negative,negative
463,negative,neutral,negative,negative,negative,negative,negative,negative
464,NA,negative,NA,negative,neutral,negative,negative,negative
465,NA,NA,NA,negative,positive,positive,NA,negative
466,NA,negative,NA,negative,NA,negative,NA,negative
467,NA,NA,NA,negative,NA,NA,NA,negative
468,negative,negative,negative,negative,negative,negative,NA,negative
469,negative,negative,negative,negative,negative,negative,negative,negative
470,NA,NA,NA,negative,NA,NA,NA,negative
471,NA,positive,positive,negative,NA,negative,positive,negative
472,negative,NA,positive,negative,negative,negative,negative,negative
473,negative,negative,negative,negative,NA,NA,NA,negative
474,NA,positive,NA,negative,NA,positive,NA,negative
475,neutral,positive,negative,negative,negative,negative,negative,negative
476,NA,negative,positive,negative,NA,negative,NA,negative
477,positive,positive,negative,negative,neutral,negative,NA,negative
478,negative,negative,negative,negative,NA,negative,negative,negative
479,negative,negative,NA,negative,NA,NA,positive,negative
480,NA,negative,NA,negative,NA,negative,NA,negative
481,negative,negative,negative,negative,negative,negative,NA,negative
482,NA,negative,negative,negative,NA,positive,negative,negative
483,NA,negative,negative,negative,NA,neutral,negative,negative
484,NA,negative,negative,negative,negative,negative,negative,negative
485,neutral,positive,NA,negative,negative,positive,NA,negative
486,NA,negative,NA,negative,negative,negative,negative,negative
487,NA,NA,NA,negative,negative,negative,negative,negative
488,NA,negative,NA,negative,negative,negative,NA,negative
489,NA,NA,NA,negative,negative,negative,NA,negative
490,negative,NA,negative,negative,negative,negative,negative,negative
491,NA,positive,negative,negative,NA,positive,negative,negative
492,negative,positive,negative,negative,neutral,positive,negative,negative
493,negative,negative,negative,negative,negative,NA,NA,negative
494,negative,negative,negative,negative,positive,NA,positive,negative
495,NA,NA,NA,negative,negative,NA,NA,negative
496,positive,positive,positive,negative,positive,NA,positive,negative
497,positive,positive,NA,negative,positive,positive,NA,negative
498,negative,NA,NA,negative,negative,neutral,negative,negative
499,negative,negative,negative,negative,negative,negative,negative,negative
500,NA,NA,NA,negative,NA,negative,NA,negative
501,negative,negative,negative,negative,negative,negative,negative,negative
502,negative,negative,negative,negative,negative,negative,negative,negative
503,neutral,negative,positive,negative,NA,positive,NA,negative
504,NA,neutral,NA,negative,NA,neutral,NA,negative
505,NA,positive,NA,negative,negative,positive,negative,negative
506,positive,positive,positive,negative,positive,positive,positive,negative
507,NA,negative,NA,negative,negative,negative,neutral,negative
508,positive,positive,positive,negative,positive,positive,positive,negative
509,NA,negative,NA,negative,NA,negative,NA,negative
510,negative,NA,negative,negative,NA,NA,NA,negative
511,NA,positive,positive,negative,NA,positive,NA,negative
512,NA,positive,negative,negative,NA,positive,negative,negative
513,negative,NA,NA,negative,negative,NA,NA,negative
514,NA,NA,NA,negative,NA,negative,negative,negative
515,negative,negative,negative,negative,NA,NA,NA,negative
516,positive,positive,positive,negative,NA,negative,NA,negative
517,negative,negative,negative,negative,NA,negative,negative,negative
518,NA,negative,negative,negative,negative,neutral,negative,negative
519,NA,positive,NA,negative,NA,positive,NA,negative
520,positive,positive,positive,negative,positive,positive,positive,negative
521,negative,negative,negative,negative,negative,negative,neutral,negative
522,negative,negative,negative,negative,NA,neutral,NA,negative
523,negative,negative,negative,negative,negative,negative,negative,negative
524,NA,negative,negative,negative,NA,negative,negative,negative
525,negative,positive,negative,negative,neutral,positive,NA,negative
526,positive,neutral,neutral,negative,negative,negative,negative,negative
527,negative,negative,negative,negative,neutral,negative,negative,negative
528,NA,positive,NA,negative,positive,neutral,NA,negative
529,negative,negative,NA,negative,negative,negative,negative,negative
530,negative,positive,negative,negative,positive,neutral,negative,negative
531,negative,negative,negative,negative,negative,negative,negative,negative
532,negative,negative,negative,negative,negative,negative,negative,negative
533,negative,negative,negative,negative,negative,negative,negative,negative
534,NA,negative,negative,negative,NA,negative,NA,negative
535,neutral,positive,positive,negative,positive,NA,NA,negative
536,NA,NA,NA,negative,positive,NA,positive,negative
537,neutral,positive,positive,negative,neutral,positive,positive,negative
538,positive,positive,positive,negative,positive,positive,positive,negative
539,negative,positive,NA,negative,neutral,positive,positive,negative
540,NA,negative,NA,negative,NA,positive,NA,negative
541,negative,positive,negative,negative,NA,positive,NA,negative
542,negative,NA,negative,negative,NA,positive,NA,negative
543,positive,positive,NA,negative,positive,negative,negative,negative
544,negative,positive,neutral,negative,negative,positive,neutral,negative
545,negative,negative,negative,negative,negative,negative,negative,negative
546,negative,negative,negative,negative,negative,negative,negative,negative
547,positive,neutral,positive,negative,negative,negative,NA,negative
548,positive,NA,positive,negative,NA,NA,NA,negative
549,negative,negative,negative,negative,negative,negative,negative,negative
550,positive,negative,negative,negative,negative,negative,negative,negative
551,negative,neutral,negative,negative,negative,negative,negative,negative
552,NA,positive,NA,negative,positive,NA,positive,negative
553,negative,negative,negative,negative,negative,negative,negative,negative
554,NA,positive,NA,negative,NA,positive,NA,negative
555,negative,positive,negative,negative,negative,positive,negative,negative
556,positive,positive,positive,negative,positive,positive,positive,negative
557,NA,NA,negative,negative,negative,negative,negative,negative
558,NA,positive,NA,negative,positive,positive,NA,negative
559,positive,positive,negative,negative,NA,positive,NA,negative
560,negative,negative,negative,negative,negative,negative,neutral,negative
561,positive,positive,NA,negative,neutral,positive,negative,negative
562,positive,NA,positive,negative,NA,NA,NA,negative
563,positive,positive,NA,negative,positive,positive,NA,negative
564,NA,negative,NA,negative,NA,negative,NA,negative
565,negative,negative,negative,negative,neutral,NA,negative,negative
566,NA,positive,NA,negative,NA,NA,NA,negative
567,positive,positive,NA,negative,positive,positive,positive,negative
568,negative,negative,negative,negative,negative,negative,negative,negative
569,negative,negative,negative,negative,negative,negative,negative,negative
570,NA,positive,positive,negative,NA,negative,negative,negative
571,negative,negative,NA,negative,NA,negative,NA,negative
572,positive,positive,neutral,negative,positive,positive,positive,negative
573,NA,positive,NA,negative,NA,positive,NA,negative
574,NA,neutral,negative,negative,positive,neutral,negative,negative
575,NA,negative,NA,negative,NA,negative,NA,negative
576,NA,NA,NA,negative,positive,neutral,NA,negative
577,NA,NA,NA,negative,NA,negative,NA,negative
578,negative,negative,NA,negative,negative,negative,NA,negative
579,NA,NA,NA,negative,NA,NA,NA,negative
580,positive,positive,NA,negative,NA,NA,negative,negative
581,NA,NA,NA,negative,negative,negative,negative,negative
582,negative,NA,negative,negative,negative,NA,negative,negative
583,positive,positive,NA,negative,negative,NA,negative,negative
584,neutral,positive,positive,negative,neutral,positive,negative,negative
585,NA,negative,negative,negative,neutral,neutral,neutral,negative
586,negative,NA,NA,negative,NA,neutral,negative,negative
587,negative,negative,negative,negative,negative,negative,negative,negative
588,positive,NA,NA,negative,negative,negative,negative,negative
589,positive,positive,positive,negative,positive,positive,positive,negative
590,NA,NA,negative,negative,NA,positive,negative,negative
591,negative,NA,negative,negative,negative,NA,negative,negative
592,NA,NA,NA,negative,NA,NA,NA,negative
593,NA,positive,NA,negative,positive,positive,NA,negative
594,positive,positive,positive,negative,positive,positive,positive,negative
595,negative,negative,negative,negative,NA,NA,NA,negative
596,neutral,positive,NA,negative,NA,NA,NA,negative
597,negative,negative,negative,negative,NA,positive,NA,negative
598,NA,negative,NA,negative,negative,negative,NA,negative
599,neutral,negative,negative,negative,negative,negative,negative,negative
600,NA,positive,negative,negative,negative,positive,negative,negative
601,NA,NA,NA,negative,NA,NA,NA,negative
602,negative,negative,negative,negative,NA,negative,negative,negative
603,NA,NA,NA,negative,NA,negative,NA,negative
604,negative,negative,negative,negative,negative,negative,negative,negative
605,negative,negative,negative,negative,negative,negative,negative,negative
606,NA,negative,NA,negative,NA,negative,NA,negative
607,NA,NA,NA,negative,positive,positive,NA,negative
608,negative,negative,negative,negative,NA,positive,positive,negative
609,negative,positive,NA,negative,negative,positive,NA,negative
610,negative,NA,NA,negative,NA,NA,negative,negative
611,negative,negative,negative,negative,negative,negative,negative,negative
612,positive,positive,NA,negative,NA,positive,negative,negative
613,NA,positive,negative,negative,NA,positive,negative,negative
614,negative,negative,negative,negative,negative,negative,negative,negative
615,negative,negative,NA,negative,negative,negative,NA,negative
616,negative,negative,negative,negative,negative,negative,negative,negative
617,NA,negative,NA,negative,negative,negative,negative,negative
618,NA,NA,NA,negative,NA,negative,negative,negative
619,negative,NA,negative,negative,negative,NA,negative,negative
620,negative,negative,negative,negative,neutral,negative,neutral,negative
621,NA,NA,NA,negative,NA,NA,NA,negative
622,positive,negative,positive,negative,positive,negative,positive,negative
623,negative,NA,NA,negative,NA,positive,NA,negative
624,positive,positive,positive,negative,positive,positive,positive,negative
625,positive,positive,negative,negative,neutral,negative,negative,negative
626,negative,negative,negative,negative,negative,negative,negative,negative
627,NA,positive,NA,negative,NA,positive,NA,negative
628,negative,positive,negative,negative,negative,positive,negative,negative
629,negative,negative,negative,negative,neutral,negative,negative,negative
630,negative,negative,negative,negative,NA,neutral,negative,negative
631,positive,positive,positive,negative,negative,positive,negative,negative
632,negative,negative,negative,negative,negative,negative,negative,negative
633,negative,negative,negative,negative,negative,negative,negative,negative
634,NA,negative,NA,negative,NA,negative,NA,negative
635,negative,negative,NA,negative,negative,negative,NA,negative
636,NA,positive,NA,negative,NA,positive,NA,negative
637,NA,negative,NA,negative,NA,negative,NA,negative
638,NA,positive,NA,negative,NA,positive,NA,negative
639,negative,positive,negative,negative,negative,negative,negative,negative
640,positive,positive,negative,negative,positive,positive,negative,negative
641,negative,negative,negative,negative,negative,negative,negative,negative
642,NA,negative,negative,negative,NA,negative,negative,negative
643,positive,neutral,positive,negative,NA,negative,NA,negative
644,neutral,negative,negative,negative,neutral,negative,negative,negative
645,negative,positive,positive,negative,NA,positive,NA,negative
646,NA,negative,negative,negative,negative,negative,negative,negative
647,negative,negative,negative,negative,negative,negative,negative,negative
648,positive,positive,positive,negative,negative,negative,negative,negative
649,NA,negative,negative,negative,negative,negative,negative,negative
650,NA,positive,NA,negative,NA,positive,NA,negative
651,NA,NA,NA,negative,positive,positive,NA,negative
652,negative,negative,negative,negative,negative,negative,NA,negative
653,negative,negative,NA,negative,negative,negative,negative,negative
654,NA,positive,NA,negative,negative,positive,NA,negative
655,neutral,negative,positive,negative,NA,negative,NA,negative
656,negative,NA,negative,negative,negative,positive,negative,negative
657,negative,positive,negative,negative,neutral,negative,negative,negative
658,NA,positive,NA,negative,NA,positive,NA,negative
659,NA,NA,negative,negative,NA,NA,NA,negative
660,NA,NA,NA,negative,negative,positive,NA,negative
661,NA,positive,NA,negative,negative,positive,NA,negative
662,NA,negative,negative,negative,NA,negative,negative,negative
663,positive,NA,positive,negative,positive,positive,positive,negative
664,positive,NA,positive,negative,positive,NA,positive,negative
665,NA,NA,NA,negative,NA,NA,NA,negative
666,NA,negative,NA,negative,NA,negative,NA,negative
667,NA,positive,NA,negative,NA,positive,NA,negative
668,negative,negative,negative,negative,negative,positive,negative,negative
669,NA,positive,NA,negative,negative,negative,negative,negative
670,positive,NA,positive,negative,neutral,positive,positive,negative
671,negative,negative,NA,negative,NA,negative,negative,negative
672,NA,positive,negative,negative,NA,negative,NA,negative
673,negative,positive,NA,negative,neutral,positive,negative,negative
674,NA,positive,NA,negative,NA,positive,NA,negative
675,neutral,negative,neutral,negative,positive,positive,NA,negative
676,negative,negative,NA,negative,neutral,NA,negative,negative
677,NA,NA,NA,negative,positive,positive,positive,negative
678,positive,positive,NA,negative,positive,positive,NA,negative
679,negative,negative,negative,negative,negative,negative,negative,negative
680,negative,negative,negative,negative,negative,negative,negative,negative
681,NA,positive,NA,negative,negative,positive,negative,negative
682,NA,negative,NA,negative,NA,positive,NA,negative
683,positive,neutral,NA,negative,NA,neutral,NA,negative
684,NA,NA,NA,negative,negative,negative,negative,negative
685,negative,negative,negative,negative,negative,negative,negative,negative
686,NA,neutral,NA,negative,NA,neutral,NA,negative
687,negative,negative,negative,negative,negative,negative,negative,negative
688,NA,NA,NA,negative,positive,positive,positive,negative
689,NA,positive,negative,negative,negative,negative,negative,negative
690,NA,positive,NA,negative,NA,positive,NA,negative
691,NA,positive,NA,negative,negative,NA,negative,negative
692,negative,NA,negative,negative,negative,negative,negative,negative
693,positive,neutral,NA,negative,positive,neutral,NA,negative
694,NA,positive,NA,negative,negative,NA,NA,negative
695,positive,NA,negative,negative,positive,NA,negative,negative
696,NA,negative,negative,negative,negative,negative,negative,negative
697,NA,positive,negative,negative,negative,positive,negative,negative
698,positive,positive,neutral,negative,positive,positive,neutral,negative
699,NA,NA,NA,negative,positive,positive,positive,negative
700,NA,positive,negative,negative,negative,negative,negative,negative
701,negative,neutral,negative,negative,negative,negative,negative,negative
702,neutral,negative,positive,negative,NA,neutral,NA,negative
703,negative,negative,NA,negative,negative,negative,negative,negative
704,negative,negative,negative,negative,negative,negative,negative,negative
705,negative,negative,negative,negative,NA,negative,NA,negative
706,NA,NA,NA,negative,NA,negative,NA,negative
707,negative,negative,negative,negative,neutral,negative,positive,negative
708,NA,negative,negative,negative,negative,negative,negative,negative
709,negative,negative,negative,negative,negative,negative,negative,negative
710,negative,negative,negative,negative,negative,negative,negative,negative
711,NA,negative,NA,negative,negative,negative,negative,negative
712,negative,negative,negative,negative,neutral,positive,neutral,negative
713,negative,NA,NA,negative,negative,negative,negative,negative
714,negative,positive,negative,negative,negative,NA,negative,negative
715,neutral,positive,positive,negative,neutral,negative,negative,negative
716,NA,negative,negative,negative,negative,negative,negative,negative
717,positive,negative,positive,negative,NA,negative,negative,negative
718,negative,positive,NA,negative,NA,positive,NA,negative
719,negative,negative,negative,negative,negative,negative,negative,negative
720,NA,NA,NA,negative,NA,NA,NA,negative
721,NA,NA,NA,negative,NA,NA,NA,negative
722,NA,positive,NA,negative,negative,negative,NA,negative
723,negative,negative,NA,negative,positive,positive,NA,negative
724,positive,positive,neutral,negative,NA,positive,negative,negative
725,NA,negative,negative,negative,NA,negative,negative,negative
726,negative,negative,NA,negative,positive,positive,NA,negative
727,negative,negative,negative,negative,NA,NA,NA,negative
728,negative,positive,NA,negative,negative,NA,negative,negative
729,NA,neutral,NA,negative,negative,negative,negative,negative
730,positive,neutral,negative,negative,positive,positive,negative,negative
731,NA,NA,NA,negative,NA,NA,NA,negative
732,NA,positive,NA,negative,NA,positive,NA,negative
733,NA,positive,NA,negative,NA,positive,NA,negative
734,negative,negative,negative,negative,negative,negative,negative,negative
735,NA,NA,positive,negative,NA,NA,positive,negative
736,positive,positive,positive,negative,positive,positive,positive,negative
737,NA,positive,NA,negative,NA,positive,positive,negative
738,NA,negative,negative,negative,neutral,negative,NA,negative
739,negative,positive,negative,negative,negative,negative,negative,negative
740,NA,positive,positive,negative,NA,NA,NA,negative
741,NA,negative,NA,negative,NA,NA,NA,negative
742,NA,negative,negative,negative,negative,negative,negative,negative
743,NA,negative,NA,negative,NA,negative,NA,negative
744,negative,negative,negative,negative,negative,negative,negative,negative
745,negative,negative,NA,negative,NA,negative,negative,negative
746,NA,positive,NA,negative,positive,positive,NA,negative
747,NA,negative,negative,negative,NA,NA,positive,negative
748,NA,NA,NA,negative,NA,NA,NA,negative
749,NA,NA,NA,negative,NA,NA,NA,negative
750,negative,negative,negative,negative,neutral,positive,negative,negative
751,NA,NA,NA,negative,positive,positive,positive,negative
752,NA,negative,negative,negative,NA,negative,negative,negative
753,negative,positive,NA,negative,negative,negative,negative,negative
754,NA,positive,NA,negative,positive,positive,NA,negative
755,neutral,positive,negative,negative,positive,negative,positive,negative
756,positive,positive,negative,negative,positive,positive,negative,negative
757,NA,negative,negative,negative,NA,NA,NA,negative
758,NA,positive,NA,negative,negative,negative,NA,negative
759,positive,NA,positive,negative,positive,positive,positive,negative
760,NA,neutral,negative,negative,negative,negative,NA,negative
761,NA,negative,negative,negative,NA,negative,negative,negative
762,neutral,NA,neutral,negative,negative,positive,NA,negative
763,neutral,neutral,NA,negative,neutral,negative,negative,negative
764,negative,positive,NA,negative,negative,positive,negative,negative
765,NA,positive,positive,negative,neutral,positive,neutral,negative
766,NA,NA,NA,negative,positive,positive,positive,negative
767,NA,positive,NA,negative,NA,NA,NA,negative
768,NA,positive,NA,negative,NA,NA,NA,negative
769,negative,negative,negative,negative,NA,NA,NA,negative
770,NA,negative,negative,negative,NA,negative,negative,negative
771,positive,negative,positive,negative,NA,positive,NA,negative
772,NA,NA,NA,negative,NA,NA,NA,negative
773,negative,negative,negative,negative,NA,NA,NA,negative
774,negative,positive,NA,negative,negative,negative,NA,negative
775,NA,neutral,negative,negative,NA,neutral,negative,negative
776,NA,positive,NA,negative,NA,NA,NA,negative
777,negative,negative,negative,negative,neutral,NA,negative,negative
778,NA,positive,NA,negative,negative,negative,negative,negative
779,NA,NA,negative,negative,NA,NA,negative,negative
780,NA,neutral,negative,negative,NA,negative,negative,negative
781,NA,NA,NA,negative,NA,NA,NA,negative
782,negative,negative,negative,negative,negative,negative,negative,negative
783,negative,negative,negative,negative,negative,negative,negative,negative
784,NA,positive,NA,negative,NA,positive,NA,negative
785,neutral,NA,positive,negative,negative,negative,NA,negative
786,negative,NA,NA,negative,negative,NA,negative,negative
787,positive,positive,positive,negative,NA,negative,NA,negative
788,positive,positive,neutral,negative,positive,positive,neutral,negative
789,positive,positive,positive,negative,positive,positive,positive,negative
790,negative,NA,NA,negative,positive,positive,positive,negative
791,positive,positive,positive,negative,positive,positive,positive,negative
792,positive,positive,negative,negative,positive,positive,positive,negative
793,NA,positive,NA,negative,NA,positive,negative,negative
794,NA,positive,NA,negative,NA,positive,NA,negative
795,positive,neutral,negative,negative,positive,positive,NA,negative
796,negative,negative,negative,negative,negative,negative,negative,negative
797,negative,positive,NA,negative,positive,positive,positive,negative
798,positive,positive,NA,negative,positive,positive,NA,negative
799,negative,negative,negative,negative,neutral,negative,negative,negative
800,positive,negative,NA,negative,positive,negative,negative,negative
801,negative,negative,negative,negative,negative,negative,negative,negative
802,neutral,negative,NA,negative,positive,negative,NA,negative
803,positive,positive,NA,negative,positive,positive,NA,negative
804,positive,positive,NA,negative,positive,negative,NA,negative
805,NA,neutral,NA,negative,positive,positive,NA,negative
806,NA,positive,negative,negative,neutral,neutral,NA,negative
807,positive,positive,NA,negative,positive,positive,NA,negative
808,NA,negative,NA,negative,positive,positive,NA,negative
809,negative,negative,negative,negative,neutral,negative,negative,negative
810,positive,positive,NA,negative,neutral,negative,negative,negative
811,positive,positive,NA,negative,positive,positive,NA,negative
812,positive,positive,NA,negative,positive,positive,NA,negative
813,neutral,NA,neutral,negative,positive,positive,NA,negative
814,positive,positive,NA,negative,positive,positive,NA,negative
815,positive,positive,neutral,negative,neutral,positive,negative,negative
816,positive,positive,negative,negative,positive,positive,NA,negative
817,positive,positive,NA,negative,neutral,positive,NA,negative
818,NA,positive,NA,negative,neutral,positive,negative,negative
819,negative,neutral,negative,negative,positive,positive,NA,negative
820,positive,positive,NA,negative,positive,positive,NA,negative
821,negative,negative,negative,negative,negative,negative,negative,negative
822,positive,positive,NA,negative,NA,neutral,NA,negative
823,negative,positive,negative,negative,NA,positive,negative,negative
824,neutral,negative,negative,negative,negative,negative,negative,negative
825,negative,neutral,negative,negative,negative,neutral,NA,negative
826,positive,negative,NA,negative,positive,negative,negative,negative
827,negative,negative,NA,negative,NA,negative,NA,negative
828,positive,positive,negative,negative,NA,negative,negative,negative
829,NA,negative,NA,negative,negative,NA,NA,negative
830,positive,NA,positive,negative,positive,NA,positive,negative
831,negative,positive,NA,negative,negative,positive,NA,negative
832,NA,NA,negative,negative,NA,NA,negative,negative
833,NA,positive,NA,negative,NA,NA,NA,negative
834,NA,NA,NA,negative,positive,negative,negative,negative
835,NA,negative,NA,negative,NA,neutral,NA,negative
836,NA,neutral,negative,negative,NA,negative,NA,negative
837,negative,neutral,negative,negative,negative,negative,negative,negative
838,negative,negative,negative,negative,negative,negative,negative,negative
839,negative,neutral,negative,negative,negative,negative,NA,negative
840,NA,negative,negative,negative,NA,negative,negative,negative
841,NA,neutral,NA,negative,NA,positive,NA,negative
842,negative,negative,negative,negative,neutral,negative,negative,negative
843,NA,neutral,NA,negative,NA,neutral,NA,negative
844,positive,positive,positive,negative,NA,NA,positive,negative
845,NA,NA,NA,negative,NA,positive,NA,negative
846,negative,negative,neutral,negative,negative,negative,positive,negative
847,NA,positive,NA,negative,NA,NA,NA,negative
848,negative,negative,negative,negative,negative,negative,negative,negative
849,negative,negative,negative,negative,NA,positive,negative,negative
850,positive,negative,neutral,negative,positive,positive,positive,negative
851,NA,positive,negative,negative,NA,positive,negative,negative
852,NA,neutral,NA,negative,NA,negative,negative,negative
853,NA,neutral,negative,negative,NA,negative,negative,negative
854,negative,NA,negative,negative,negative,negative,negative,negative
855,NA,positive,NA,negative,positive,positive,positive,negative
856,negative,NA,NA,negative,negative,NA,NA,negative
857,NA,NA,NA,negative,NA,negative,NA,negative
858,negative,negative,negative,negative,negative,negative,negative,negative
859,NA,NA,negative,negative,NA,NA,NA,negative
860,NA,neutral,NA,negative,NA,NA,NA,negative
861,negative,NA,NA,negative,negative,NA,negative,negative
862,negative,positive,negative,negative,NA,negative,negative,negative
863,positive,positive,NA,negative,positive,positive,NA,negative
864,NA,NA,NA,negative,NA,neutral,NA,negative
865,NA,NA,NA,negative,neutral,negative,negative,negative
866,NA,positive,NA,negative,NA,NA,NA,negative
867,NA,negative,negative,negative,negative,negative,negative,negative
868,positive,positive,positive,negative,NA,NA,NA,negative
869,NA,positive,NA,negative,positive,positive,NA,negative
870,NA,negative,negative,negative,NA,negative,negative,negative
871,positive,negative,negative,negative,NA,positive,positive,negative
872,positive,positive,negative,negative,positive,positive,negative,negative
873,negative,negative,negative,negative,negative,negative,negative,negative
874,negative,negative,negative,negative,negative,negative,negative,negative
875,NA,negative,negative,negative,NA,negative,negative,negative
876,NA,NA,negative,negative,negative,neutral,negative,negative
877,NA,positive,NA,negative,NA,NA,negative,negative
878,NA,positive,NA,negative,negative,negative,negative,negative
879,negative,negative,NA,negative,NA,neutral,NA,negative
880,negative,negative,NA,negative,NA,neutral,NA,negative
881,NA,positive,NA,negative,negative,positive,negative,negative
882,positive,positive,NA,negative,positive,positive,NA,negative
883,neutral,negative,negative,negative,NA,neutral,NA,negative
884,NA,negative,negative,negative,NA,negative,negative,negative
885,negative,negative,NA,negative,negative,negative,NA,negative
886,NA,positive,NA,negative,NA,positive,NA,negative
887,negative,NA,negative,negative,negative,negative,negative,negative
888,NA,negative,negative,negative,NA,neutral,negative,negative
889,NA,NA,NA,negative,NA,NA,NA,negative
890,NA,NA,NA,negative,NA,NA,NA,negative
891,NA,NA,negative,negative,NA,negative,negative,negative
892,negative,negative,negative,negative,negative,negative,negative,negative
893,negative,negative,negative,negative,negative,neutral,NA,negative
894,negative,neutral,negative,negative,negative,neutral,negative,negative
895,NA,positive,NA,negative,NA,negative,NA,negative
896,negative,negative,negative,negative,positive,positive,NA,negative
897,negative,positive,NA,negative,negative,positive,NA,negative
898,positive,positive,NA,negative,NA,positive,NA,negative
899,negative,negative,negative,negative,negative,negative,negative,negative
900,positive,positive,negative,negative,positive,positive,neutral,negative
901,positive,neutral,NA,negative,neutral,negative,negative,negative
902,NA,NA,NA,negative,NA,positive,NA,negative
903,negative,positive,negative,negative,negative,negative,negative,negative
904,NA,positive,NA,negative,NA,positive,NA,negative
905,negative,NA,negative,negative,negative,NA,negative,negative
906,NA,negative,NA,negative,NA,negative,NA,negative
907,neutral,positive,neutral,negative,positive,positive,positive,negative
908,negative,negative,negative,negative,NA,NA,NA,negative
909,negative,negative,negative,negative,negative,negative,negative,negative
910,neutral,positive,neutral,negative,NA,NA,NA,negative
911,NA,positive,NA,negative,NA,negative,NA,negative
912,negative,negative,negative,negative,negative,negative,negative,negative
913,negative,NA,negative,negative,negative,neutral,negative,negative
914,positive,positive,NA,negative,positive,NA,NA,negative
915,negative,negative,NA,negative,positive,NA,NA,negative
916,NA,NA,negative,negative,NA,NA,negative,negative
917,NA,NA,NA,negative,NA,NA,NA,negative
918,NA,positive,NA,negative,NA,negative,NA,negative
919,neutral,negative,negative,negative,NA,NA,NA,negative
920,NA,positive,NA,negative,NA,positive,NA,negative
921,negative,negative,negative,negative,negative,negative,negative,negative
922,neutral,neutral,negative,negative,NA,NA,NA,negative
923,negative,positive,negative,negative,NA,positive,NA,negative
924,negative,neutral,negative,negative,NA,NA,NA,negative
925,negative,negative,negative,negative,NA,neutral,negative,negative
926,negative,neutral,negative,negative,neutral,neutral,positive,negative
927,positive,positive,NA,negative,NA,positive,NA,negative
928,NA,negative,positive,negative,negative,positive,positive,negative
929,NA,NA,negative,negative,NA,NA,NA,negative
930,positive,NA,positive,negative,negative,negative,negative,negative
931,NA,positive,NA,negative,NA,positive,NA,negative
932,NA,positive,NA,negative,neutral,positive,negative,negative
933,negative,negative,NA,negative,negative,positive,positive,negative
934,NA,negative,NA,negative,NA,positive,NA,negative
935,positive,positive,positive,negative,positive,positive,positive,negative
936,negative,negative,negative,negative,neutral,positive,negative,negative
